94,334,292,1,1,66.08293583333334
126,336,425,1,0,69.78187590476192
104,344,851,1,1,66.63285025
113,353,1361,2,0,67.09887941666668
164,374,2599,0,0,62.272148761904766
111,351,1249,2,0,66.87518541666667
113,353,1376,2,1,66.13885933333334
101,341,705,0,1,66.26934750000001
121,361,102,1,0,67.76996141666667
186,396,2140,2,0,66.4690742857143
127,367,2171,1,0,67.17344408333334
100,370,5812,2,1,60.52993940740741
164,374,2586,2,1,69.08948971428572
165,375,2674,1,1,68.2373220952381
136,376,1012,1,1,68.81386675
137,377,1041,0,1,67.555588
136,376,2710,1,1,67.29461166666667
130,370,625,1,1,67.57422916666667
141,381,1270,0,1,67.59287033333334
142,382,3071,1,0,68.22667
143,383,1404,1,1,67.43442041666667
147,387,1609,1,1,67.96569366666667
146,386,1541,0,1,67.76064083333334
181,391,74,2,0,68.43971190476191
181,391,58,0,0,68.63144961904763
147,387,1608,1,0,69.0655225
150,390,36,2,1,67.1641235
153,393,195,1,0,67.49034391666667
158,398,496,0,0,67.90977016666668
161,401,4110,1,0,67.69539675
161,401,2404,2,0,68.02161716666667
161,401,4119,2,0,67.14548233333333
153,393,3644,1,1,66.69809433333334
157,397,2152,0,0,66.56760616666666
159,399,592,1,0,67.08023825000001
123,393,1979,1,0,66.18856911111112
154,394,278,1,0,68.18006708333334
129,399,2284,0,0,65.19437355555556
167,407,2751,1,1,67.13616175
164,404,874,0,0,69.14008716666667
166,406,2716,1,0,68.12414358333334
166,406,4440,0,0,66.660812
169,409,2888,0,1,67.93773191666668
169,409,2892,1,1,67.9470525
168,408,1133,0,1,67.12684116666667
199,409,1160,2,0,68.4716681904762
203,413,1366,0,0,67.89645504761904
168,408,2822,0,0,66.24138575
169,409,2867,0,0,68.72066091666667
200,410,1238,1,1,68.71666638095239
171,411,3013,2,1,68.46900516666668
173,413,1385,1,0,67.891129
176,416,3278,1,1,68.15210533333334
176,416,3262,2,1,68.79522558333333
210,420,5256,0,1,69.14275019047619
181,421,3579,1,1,67.90044958333334
246,456,3808,0,0,61.23889552380953
156,426,3849,2,0,65.20265851851852
189,429,4004,2,0,67.22004700000001
194,434,2570,0,1,68.30123466666667
184,424,5456,0,1,67.63015266666667
188,428,2213,2,1,67.35053516666667
220,430,5810,0,0,69.25992323809524
189,429,2270,0,0,67.53694683333333
187,427,3882,0,1,68.87911083333334
196,436,6175,2,1,67.59287033333334
202,442,6491,2,0,66.95907066666668
205,445,4922,0,1,67.18276466666667
262,472,6499,1,1,66.87385390476192
236,446,3280,2,0,67.9923239047619
195,435,6078,2,1,66.86586483333333
196,436,4418,2,0,66.75401783333334
229,439,6360,0,1,68.83383942857144
202,442,1311,0,1,66.85654425
200,440,2951,0,1,67.54626741666667
206,446,4989,0,0,67.67675558333333
199,439,1174,2,1,67.79792316666668
210,450,3477,2,0,67.62083208333334
212,452,3585,1,0,68.16142591666667
238,448,3413,1,1,68.20536580952381
210,450,3489,1,1,68.2825935
242,452,7114,2,0,68.89775200000001
243,453,7187,0,0,67.17211257142857
220,460,640,0,1,67.23868816666668
253,463,4266,1,0,68.76992685714286
224,464,869,2,0,68.77658441666667
222,462,4170,0,1,69.0655225
222,462,726,2,1,68.07754066666668
217,457,5626,2,0,68.21734941666668
250,460,4092,0,1,68.09884485714286
223,463,5962,0,0,68.04957891666668
218,458,501,2,0,67.67675558333333
219,459,7564,0,1,67.32257341666667
218,458,503,2,0,67.43442041666667
224,464,852,1,0,68.09618183333333
225,465,903,2,1,69.16804891666668
251,461,4106,0,0,66.8951580952381
282,492,9473,1,0,62.91127447619048
232,472,1333,1,0,66.94975008333334
229,469,8150,2,1,66.24138575
262,472,8290,0,0,67.91775923809524
235,475,4950,2,0,68.45036400000001
207,477,6780,0,1,66.3045585925926
208,478,6878,1,1,65.08666903703704
256,466,7949,2,1,69.37709628571429
228,468,1109,0,0,67.8352055
230,470,1240,2,0,69.50358991666667
230,470,4685,2,1,68.9536755
231,471,1259,0,1,67.35985575000001
231,471,1248,1,0,68.2825935
228,468,4544,0,0,67.20140583333334
231,471,6446,1,0,66.67013258333334
231,471,8228,1,0,67.75132025
217,487,7420,0,1,65.50920214814815
239,479,5194,2,0,69.680681
301,511,5270,0,0,65.3399521904762
247,487,2182,0,1,68.09618183333333
274,484,5452,2,1,67.87515085714286
247,487,7424,2,0,67.21072641666667
269,479,1760,0,0,67.23602514285714
246,486,5597,2,1,68.16142591666667
246,486,2125,1,0,67.443741
248,488,2227,1,1,67.63947325000001
279,489,9275,0,1,68.30123466666667
282,492,5935,2,1,68.85514361904762
311,521,5844,2,1,66.13885933333334
254,494,2566,1,0,67.555588
252,492,5914,1,0,67.74199966666667
253,493,5956,0,1,68.785905
254,494,9587,0,1,68.63677566666667
252,492,2480,0,0,68.54356983333334
252,492,9446,0,1,66.70741491666666
253,493,4261,2,1,66.660812
258,498,6273,2,1,68.76726383333335
255,495,2665,1,1,69.17736950000001
256,496,2698,0,0,68.18938766666668
257,497,8028,0,0,67.15480291666667
260,500,2921,1,1,68.9536755
259,499,9911,0,1,67.62083208333334
256,496,2683,2,0,68.65541683333333
256,496,2734,1,1,67.90977016666668
257,497,6206,0,0,69.52223108333334
259,499,2880,1,0,68.23599058333333
260,500,8188,1,0,67.31325283333334
266,506,6763,0,0,67.99365541666667
263,503,8335,0,1,67.65811441666668
264,504,8427,0,1,68.20802883333334
265,505,6713,0,0,68.51560808333333
265,505,1487,2,1,66.48372091666667
298,508,6849,0,0,68.97231666666667
268,508,8686,2,1,66.75401783333334
265,505,10287,0,0,65.95244766666667
262,502,8325,1,1,67.95637308333333
263,503,3101,0,1,69.16804891666668
234,504,8395,2,1,66.37912325925926
265,505,3212,0,1,67.57422916666667
266,506,6726,2,1,68.60881391666668
267,507,8603,2,0,67.22004700000001
269,509,8737,0,0,67.45306158333334
272,512,172,2,0,68.61813450000001
270,510,8781,1,1,68.87911083333334
272,512,3615,0,0,67.11752058333333
272,512,167,2,0,68.68337858333334
272,512,7095,1,0,68.07754066666668
300,510,10601,1,1,68.78057895238095
272,512,3623,1,0,67.98433483333334
300,510,7020,2,1,67.67276104761905
275,515,3790,2,1,68.76726383333335
274,514,276,0,0,68.55289041666667
275,515,7289,0,0,69.05620191666667
276,516,410,0,0,68.06822008333334
303,513,7159,1,1,68.4929723809524
274,514,3747,0,0,68.85114908333334
277,517,441,0,1,68.31055525000001
277,517,5653,1,1,67.75132025
278,518,7469,0,0,68.86046966666667
279,519,9320,2,0,68.04025833333334
277,517,7408,0,0,68.33851700000001
281,521,4115,2,0,69.37310175
279,519,7523,1,1,68.72066091666667
282,522,11293,1,0,66.74469725
279,519,7548,0,1,67.45306158333334
287,527,4489,1,1,67.2759705
246,516,9117,2,0,66.31284355555556
276,516,10988,2,1,66.79130016666667
315,525,7872,1,0,67.61950057142857
287,527,4472,1,0,68.70201975
280,520,609,2,1,67.71403791666667
281,521,672,2,1,67.10820000000001
313,523,11378,0,0,68.69536219047619
345,555,9659,1,0,61.196287142857145
316,526,7958,1,1,68.34384304761906
287,527,9789,1,0,66.54896500000001
278,518,3931,2,1,67.46238216666667
279,519,7519,2,0,67.58354975
312,522,4212,1,0,68.97231666666667
285,525,9686,2,1,66.94042950000001
285,525,7906,1,1,68.33851700000001
286,526,9701,0,1,67.85384666666667
347,557,13420,1,1,61.72889190476191
278,518,520,2,1,66.101577
313,523,7767,1,1,68.63144961904763
283,523,11366,1,1,67.28529108333333
285,525,909,2,0,67.93773191666668
286,526,994,2,1,65.95244766666667
286,526,4420,2,1,67.39713808333333
282,522,7729,1,0,67.49034391666667
312,522,7696,0,1,67.36385028571429
285,525,7879,0,0,68.9536755
319,529,11742,0,0,68.61014542857143
291,531,4725,2,1,67.96569366666667
296,536,12167,0,1,67.70471733333333
299,539,1727,0,0,67.52762625000001
303,543,8965,1,1,68.5062875
334,544,9039,1,1,67.72602152380952
305,545,9046,0,1,66.90314716666667
294,534,6620,1,1,67.58354975
325,535,8496,2,0,67.92841133333334
295,535,4932,0,1,67.22936758333334
356,566,12183,2,1,66.79928923809524
259,529,9906,1,0,66.05600970370371
329,569,14200,0,0,60.82612683333333
301,541,12490,1,1,67.93773191666668
294,534,1428,2,1,66.68877375000001
300,540,1787,2,1,68.05889950000001
335,545,351,2,0,67.77928200000001
290,530,1225,2,0,68.62745508333334
295,535,12099,0,1,67.23868816666668
298,538,8657,0,1,68.86979025000001
270,540,10575,0,1,65.67490140740742
302,542,1901,1,0,69.09348425
302,542,10728,1,1,68.59949333333334
293,533,4840,2,1,68.1707465
267,537,10420,2,0,65.33521792592593
298,538,1673,2,1,65.53302141666667
320,530,4686,2,1,68.4823202857143
293,533,8343,2,1,68.04025833333334
295,535,12135,1,1,66.82858250000001
300,540,12466,1,0,67.30393225
304,544,9019,2,0,68.22667
290,530,8195,0,0,69.4010635
304,544,1989,2,0,68.92571375
296,536,10345,2,1,68.01229658333334
298,538,6857,2,0,68.06822008333334
332,542,8875,2,0,68.20536580952381
304,544,10874,2,1,68.70201975
335,545,341,2,0,68.76992685714286
315,555,9697,1,0,68.07754066666668
345,555,6104,2,0,68.16275742857144
307,547,2197,1,1,68.21734941666668
313,553,9514,2,0,67.331894
314,554,6003,0,1,67.93773191666668
307,547,9173,0,1,67.85384666666667
317,557,11629,1,0,66.13885933333334
336,546,12794,2,0,68.55688495238095
307,547,2179,0,1,68.2825935
284,554,11414,0,0,65.6086217037037
314,554,6005,1,1,68.24531116666667
316,556,9730,2,1,69.76456625
310,550,5787,2,1,68.52492866666667
344,554,9602,2,0,68.59949333333334
306,546,2096,2,0,68.20802883333334
306,546,10993,2,1,67.71403791666667
307,547,9182,0,1,68.06822008333334
309,549,11154,0,1,67.86316725
309,549,11171,2,1,67.42509983333333
312,552,13164,0,1,67.667435
316,556,2695,1,0,67.84452608333334
340,550,9375,0,0,68.39710352380953
345,555,9646,1,0,68.14145323809524
314,554,6047,2,0,68.72066091666667
307,547,2151,1,0,68.04957891666668
313,553,9539,1,0,67.78860258333334
314,554,11427,1,0,68.21734941666668
345,555,4351,0,0,68.16275742857144
350,560,9954,2,0,68.58884123809524
321,561,13736,2,0,66.79130016666667
324,564,6619,0,1,67.63015266666667
357,567,10400,1,0,68.57818914285716
318,558,9886,1,1,66.85654425
351,561,10019,0,0,69.01492504761904
324,564,3139,1,1,67.80724375
326,566,6765,2,0,69.00027841666667
327,567,6838,1,1,68.31055525000001
320,560,6425,1,1,66.61420908333334
320,560,9984,0,0,67.21072641666667
324,564,3178,0,0,68.75794325000001
328,568,3398,2,1,68.47832575000001
323,563,3095,1,1,68.43172283333334
329,569,10510,0,1,68.75794325000001
334,574,7227,2,0,66.6048885
336,576,403,1,1,68.38511991666667
336,576,10975,1,1,68.3944405
337,577,7403,2,1,68.86046966666667
329,569,6937,2,0,69.73660450000001
360,570,10569,0,1,68.34384304761906
330,570,10600,2,1,67.7233585
334,574,268,1,1,68.65541683333333
334,574,286,1,0,67.03363533333334
335,575,7325,2,0,67.41577925
336,576,10997,1,0,67.37849691666668
310,580,13039,0,1,65.99801496296297
311,581,13092,1,0,65.89031044444445
332,572,7086,0,0,67.10820000000001
337,577,492,2,1,68.37579933333333
338,578,14745,1,0,67.90044958333334
364,574,5493,2,0,69.98426571428571
341,581,7665,1,1,67.82588491666667
341,581,7677,1,0,69.04688133333335
341,581,13090,1,1,68.42240225
341,581,13101,0,0,67.82588491666667
329,569,3429,1,1,68.674058
337,577,3912,2,1,67.667435
309,579,12961,1,1,65.33521792592593
329,569,14210,0,0,66.95907066666668
333,573,250,2,0,68.27327291666667
336,576,436,1,1,68.61813450000001
370,580,11193,2,1,67.82189038095238
329,569,12390,1,1,68.42240225
334,574,10841,1,0,67.46238216666667
305,575,9065,1,1,66.40397814814816
341,581,14895,2,0,66.94042950000001
331,571,3577,0,0,68.18006708333334
366,576,14582,0,0,68.58884123809524
336,576,12805,2,1,68.40376108333334
337,577,12871,0,0,67.40645866666667
332,572,7120,1,1,67.93773191666668
336,576,438,0,1,67.88180841666667
337,577,3903,2,0,67.76996141666667
367,577,11051,0,1,67.53428380952381
341,581,7655,1,0,68.06822008333334
329,569,6927,2,0,68.26395233333334
397,607,2159,1,1,68.09884485714286
341,581,4112,1,0,67.68607616666667
341,581,4109,0,1,68.45036400000001
346,586,13401,2,1,67.97501425
347,587,11628,0,1,67.86316725
343,583,784,2,0,68.785905
344,584,7848,0,0,68.114823
344,584,7816,1,1,67.90977016666668
345,585,4382,2,1,68.5062875
346,586,15240,2,0,66.36255333333334
347,587,13447,2,0,68.42240225
343,583,4234,1,0,67.79792316666668
345,585,7920,1,0,67.79792316666668
346,586,1009,1,1,68.31055525000001
345,585,11505,0,1,68.26395233333334
346,586,967,1,1,68.53424925
346,586,1008,2,0,67.30393225
346,586,4448,0,1,68.68337858333334
342,582,13166,2,1,68.70201975
346,586,4422,0,1,66.72605608333333
347,587,4514,0,0,68.80454616666667
342,582,14967,0,0,68.72066091666667
375,585,11506,0,1,68.78057895238095
345,585,11521,1,1,67.76064083333334
346,586,986,0,1,67.90044958333334
403,613,4260,2,0,62.655624190476196
348,588,8086,1,0,67.87248783333334
380,590,2950,2,0,68.86579571428571
350,590,13649,2,0,68.35715816666668
348,588,4581,2,0,67.21072641666667
349,589,1182,2,1,67.76064083333334
350,590,8170,2,1,68.31055525000001
353,593,10147,0,0,67.555588
411,621,1260,1,0,60.77020333333334
353,593,12004,0,1,68.86979025000001
349,589,8123,0,1,67.60219091666667
413,623,15664,0,1,67.3212419047619
351,591,13715,0,0,68.42240225
354,594,1454,2,0,67.22936758333334
355,595,13974,2,1,68.14278475
389,599,12347,2,1,68.002976
385,595,8515,1,1,68.78057895238095
361,601,12509,1,1,68.60881391666668
365,605,12755,2,1,67.63015266666667
367,607,16525,1,1,67.59287033333334
399,609,590,2,1,67.88580295238096
357,597,1642,2,1,68.63677566666667
360,600,1819,0,1,66.80062075000001
362,602,12529,0,0,68.37579933333333
366,606,16466,0,0,67.26664991666667
326,596,10336,0,1,65.45949237037037
359,599,14202,0,1,68.98163725
364,604,5448,1,1,67.30393225
354,594,13868,2,1,68.19870825000001
355,595,15797,2,0,67.39713808333333
359,599,5180,0,1,68.45036400000001
360,600,10560,0,1,67.58354975
364,604,1987,0,0,68.59949333333334
355,595,8517,2,1,66.85654425
415,625,17693,2,0,62.76214514285714
356,596,1550,0,1,69.15872833333334
390,600,12431,2,1,68.94036038095238
365,605,5535,0,1,68.85114908333334
368,608,14734,0,0,67.69539675
390,600,6993,0,0,68.86579571428571
367,607,9187,1,0,66.72605608333333
354,594,15756,0,0,66.83790308333333
358,598,5109,2,1,68.98163725
362,602,1894,1,0,68.15210533333334
395,605,12750,1,0,68.9084040952381
366,606,14586,0,1,67.45306158333334
367,607,5609,1,1,68.72998150000001
356,596,15877,0,1,67.38781750000001
360,600,48,2,1,68.41308166666667
362,602,12562,0,1,67.63947325000001
397,607,12842,0,0,68.62079752380953
358,598,8653,1,1,67.69539675
395,605,327,1,1,68.92970828571428
370,610,14828,0,1,67.35985575000001
374,614,2616,1,0,66.67013258333334
376,616,9718,0,0,68.54356983333334
380,620,6411,0,0,67.98433483333334
410,620,4658,2,1,67.47037123809524
385,625,1486,1,1,65.98973000000001
385,625,13911,1,1,67.74199966666667
385,625,13953,0,1,68.04025833333334
415,625,13969,0,1,69.08948971428572
387,627,14084,0,0,68.74862266666668
402,612,4191,0,0,68.75927476190476
385,625,6699,0,1,68.785905
385,625,10265,0,1,67.82588491666667
386,626,12195,2,1,66.772659
371,611,13078,2,0,68.5062875
373,613,9502,0,1,67.42509983333333
375,615,4373,0,1,68.31055525000001
377,617,6196,0,0,67.15480291666667
380,620,17364,2,0,67.13616175
382,622,6521,0,1,66.4930415
371,611,13076,0,0,68.44104341666667
374,614,11438,1,0,64.87126
374,614,2575,0,1,68.81386675
378,618,13511,1,1,67.43442041666667
382,622,15584,0,1,67.57422916666667
382,622,13744,1,1,68.51560808333333
355,625,15780,2,0,65.8571705925926
378,618,4564,2,0,67.87248783333334
381,621,6428,0,0,67.67675558333333
411,621,10038,1,0,67.38515447619048
384,624,13909,2,0,67.95637308333333
370,610,2328,2,0,67.87248783333334
376,616,2702,1,0,68.64609625
381,621,1286,1,1,68.12414358333334
416,626,14025,1,0,67.71536942857144
387,627,10413,0,0,66.22274458333334
406,616,13375,2,1,68.57818914285716
380,620,1227,0,1,68.32919641666668
418,628,14136,2,1,67.49167542857143
422,632,14336,0,0,67.45971914285715
394,634,10813,0,1,68.33851700000001
394,634,14484,0,1,67.555588
388,628,6886,1,0,68.3944405
389,629,3434,2,0,67.86316725
394,634,18244,1,0,66.97771183333333
388,628,3393,0,1,66.80062075000001
388,628,14101,0,1,68.75794325000001
389,629,3451,1,0,69.89505441666667
388,628,6885,1,0,67.29461166666667
391,631,10641,0,1,67.11752058333333
393,633,14387,2,0,68.59017275000001
388,628,10488,0,1,68.01229658333334
419,629,14181,0,0,68.96166457142857
392,632,16241,2,0,67.88180841666667
389,629,10544,2,0,68.76726383333335
393,633,3696,1,1,67.21072641666667
394,634,7256,0,1,68.25463175
393,633,14438,0,0,68.97231666666667
395,635,16450,1,0,68.81386675
431,641,14896,1,1,68.38645142857143
432,642,14971,2,0,68.6847100952381
404,644,4323,2,1,67.32257341666667
406,646,7954,1,1,69.80184858333334
437,677,20956,2,1,61.068462000000004
408,648,11697,1,0,68.57153158333334
397,637,2187,0,0,68.92571375
395,635,2078,0,0,68.70201975
396,636,3837,0,1,68.1707465
457,667,2192,0,1,66.74602876190477
402,642,11318,0,0,68.3944405
406,646,17098,0,0,68.02161716666667
438,648,6291,2,0,69.85644057142858
399,639,7526,1,0,67.25732933333333
402,642,2484,2,1,68.16142591666667
404,644,879,0,1,67.76064083333334
395,635,16456,2,0,67.29461166666667
397,637,11059,0,0,65.78467716666667
400,640,9336,0,0,67.49966450000001
402,642,7700,1,0,67.8352055
404,644,865,0,1,66.81926191666668
406,646,7940,1,1,68.86979025000001
395,635,14538,1,1,67.74199966666667
398,638,7466,2,0,67.67675558333333
398,638,7483,1,1,68.04957891666668
463,673,7788,0,1,63.48648761904762
468,678,13527,2,1,62.048454761904765
400,640,11179,0,1,68.03093775
405,645,11493,2,0,67.95637308333333
403,643,11391,2,1,67.63015266666667
404,644,15095,1,0,67.64879383333334
404,644,7826,2,0,68.26395233333334
407,647,15276,2,1,68.38511991666667
398,638,11097,1,0,68.49696691666666
429,639,5726,2,1,70.11209085714286
399,639,7560,0,0,68.63677566666667
402,642,2481,2,1,67.35985575000001
403,643,11355,2,1,68.14278475
398,638,11084,0,1,68.42240225
430,640,14881,2,0,69.1534022857143
404,644,15105,1,1,67.49034391666667
406,646,7938,1,1,68.04025833333334
406,646,7978,2,1,67.91909075000001
408,648,11681,2,1,66.25070633333334
412,652,1325,2,0,67.25732933333333
448,658,6894,1,0,68.35449514285715
418,658,8655,0,1,66.95907066666668
418,658,8682,0,1,67.95637308333333
402,642,7693,1,1,68.74862266666668
405,645,18946,1,0,68.64609625
447,657,15880,1,0,69.38774838095239
419,659,8747,0,0,66.09225641666667
410,650,19244,2,0,67.19208525
409,649,2852,1,0,67.35985575000001
411,651,15541,0,0,67.01499416666667
441,651,19319,2,0,68.43971190476191
417,657,1632,1,0,68.51560808333333
417,657,12270,1,0,67.39713808333333
439,649,6322,2,1,68.12014904761905
414,654,15719,1,0,69.65271925
414,654,15755,2,1,67.35053516666667
448,658,15963,0,1,67.35319819047619
419,659,3425,0,0,66.53964441666668
411,651,8238,1,1,68.5062875
411,651,8264,2,0,68.15210533333334
414,654,12083,1,1,68.15210533333334
419,659,8742,0,0,69.82048975000001
419,659,12360,0,0,67.57422916666667
439,649,6315,1,0,67.1401562857143
415,655,17668,0,0,68.97231666666667
409,649,6326,2,1,68.31055525000001
439,649,2856,1,1,68.26927838095239
441,651,6484,2,1,68.53558076190477
446,656,3264,1,0,68.32253885714286
416,656,12185,0,0,67.49966450000001
418,658,17883,2,1,68.10550241666667
412,652,11896,0,1,66.772659
413,653,4866,0,1,68.35715816666668
446,656,3263,1,1,67.90710714285714
409,649,11752,2,0,68.59017275000001
440,650,6377,2,1,69.34514
414,654,1456,0,0,67.49966450000001
444,654,3163,2,0,68.98296876190477
415,655,17689,1,1,67.73267908333334
422,662,8911,2,0,67.1641235
423,663,12631,1,1,66.89382658333334
420,660,1788,1,1,66.79130016666667
421,661,8858,0,1,66.34391216666667
420,660,5204,2,0,66.78197958333334
453,663,16316,0,0,68.61014542857143
422,662,12583,1,1,67.24800875000001
420,660,14255,0,1,67.63015266666667
420,660,17987,0,1,66.81926191666668
423,663,20111,1,1,67.09887941666668
425,665,9044,0,1,66.52100325
427,667,16553,1,0,67.58354975
427,667,18471,2,1,67.7233585
428,668,9244,1,1,67.59287033333334
431,671,14906,0,1,66.02701233333333
431,671,9389,1,1,67.47170275
433,673,792,2,0,68.49696691666666
434,674,13261,1,0,67.67675558333333
424,664,8996,0,1,66.07361525
427,667,12820,2,0,68.98163725
429,669,18572,1,0,67.17344408333334
429,669,12987,2,0,67.62083208333334
455,665,3753,2,1,69.18535857142857
429,669,12981,1,0,67.53694683333333
455,665,3769,2,1,67.72602152380952
430,670,18600,1,0,69.14940775000001
431,671,20587,0,1,66.325271
434,674,2581,0,1,66.64217083333334
456,666,3812,2,0,68.83383942857144
428,668,12904,0,1,66.437118
427,667,5638,1,0,68.03093775
491,701,9411,1,0,65.96842580952381
432,672,9478,2,1,68.76726383333335
433,673,13188,2,1,68.47832575000001
430,670,635,2,1,68.53424925
432,672,13121,1,1,66.86586483333333
424,664,16352,0,0,67.62083208333334
395,665,18339,0,1,65.77432096296297
428,668,12926,1,1,67.07091766666667
430,670,2329,0,0,67.52762625000001
434,674,4316,1,1,67.49034391666667
424,664,5498,2,1,67.73267908333334
428,668,523,2,1,67.22004700000001
430,670,9360,1,0,66.70741491666666
432,672,770,0,1,67.99365541666667
432,672,5882,0,0,67.35053516666667
428,668,16628,1,1,68.01229658333334
400,670,5790,0,1,65.74946607407408
434,674,6020,1,0,68.77658441666667
435,675,9681,0,1,68.24531116666667
437,677,20990,0,1,67.49966450000001
469,679,4627,0,1,67.92841133333334
408,678,19096,0,1,65.96487511111111
438,678,6285,2,0,68.04025833333334
439,679,9930,0,1,67.69539675
441,681,10043,0,1,66.47440033333334
442,682,17461,0,1,67.6115115
438,678,13499,0,0,68.93503433333333
464,704,22655,2,0,60.19232716666667
437,677,13441,0,1,67.76996141666667
468,678,8071,2,1,68.27993047619049
498,708,9873,1,0,62.613015809523816
408,678,19108,2,0,65.84060066666667
439,679,13603,0,0,67.34121458333334
442,682,13772,0,0,67.92841133333334
436,676,13372,2,1,69.59679575000001
439,679,1183,1,1,68.07754066666668
440,680,15457,0,1,66.772659
440,680,15478,0,1,67.84452608333334
470,680,17360,0,1,67.16146047619048
441,681,4722,2,1,68.61813450000001
436,676,13377,1,1,66.63285025
436,676,9734,2,1,67.91909075000001
439,679,6359,1,1,67.28529108333333
472,682,17473,0,0,67.20406885714287
436,676,9708,1,0,69.39174291666667
436,676,17120,1,0,68.35715816666668
438,678,2802,1,1,67.18276466666667
439,679,6354,2,0,67.07091766666667
439,679,15421,0,0,68.22667
441,681,4697,1,1,66.86586483333333
435,675,13309,2,1,67.92841133333334
406,676,18975,0,1,65.23579837037038
442,682,17512,2,0,67.87248783333334
442,682,21298,1,1,67.62083208333334
446,686,21518,1,0,69.14008716666667
442,682,6526,1,1,66.64217083333334
444,684,10202,0,1,67.21072641666667
505,715,17675,0,1,65.42516895238096
446,686,17737,1,0,69.0655225
447,687,1589,0,1,66.437118
477,687,8610,0,1,68.03493228571429
475,685,1520,0,1,66.90581019047619
445,685,13968,0,0,69.69932216666668
445,685,4930,1,0,68.60881391666668
443,683,1372,1,0,67.331894
445,685,15806,0,1,65.99905058333334
476,686,8524,1,0,67.75797780952382
446,686,15865,1,0,67.47170275
447,687,6795,1,0,67.9470525
443,683,1420,2,1,68.31987583333334
476,686,17764,0,1,69.05753342857143
446,686,1538,2,0,67.9470525
446,686,6732,2,1,69.20533125
447,687,1612,1,1,67.19208525
450,690,1772,1,0,68.24531116666667
450,690,6966,0,1,64.62892483333333
458,698,2208,1,1,67.11752058333333
460,700,18645,0,0,68.94435491666667
448,688,21640,0,1,66.67945316666668
449,689,17937,0,1,66.63285025
455,695,16432,1,0,66.67013258333334
450,690,10580,0,0,67.48102333333334
452,692,10697,1,1,67.17344408333334
456,696,18388,0,0,66.772659
457,697,20349,1,1,65.23476275
459,699,2264,2,0,68.22667
448,688,10468,1,1,66.41847683333334
450,690,1765,1,1,66.81926191666668
450,690,10584,1,1,66.35323275
450,690,14252,1,0,67.84452608333334
456,696,20246,1,0,67.7233585
449,689,1739,1,0,67.443741
449,689,6915,1,1,66.81926191666668
457,697,14649,1,1,65.99905058333334
448,688,10487,2,0,67.90044958333334
452,692,1916,2,0,68.65541683333333
460,700,11185,0,0,66.91246775
448,688,21633,1,1,67.37849691666668
449,689,10533,1,0,67.13616175
420,690,16124,0,1,65.8571705925926
484,694,18265,0,1,67.49167542857143
457,697,18447,0,0,68.80454616666667
457,697,18437,2,1,67.891129
458,698,3971,1,1,66.325271
488,698,9240,2,1,67.24667723809524
459,699,16704,0,1,67.04295591666667
490,700,9327,0,1,67.76862990476191
449,689,1750,1,0,67.91909075000001
485,695,18302,1,0,68.82318733333334
458,698,3925,0,0,66.83790308333333
451,691,14313,1,1,66.3811945
451,691,19933,2,0,65.78467716666667
421,691,16132,0,1,66.41226311111112
453,693,7175,2,1,67.51830566666668
456,696,20263,1,1,66.17614166666667
489,699,18560,0,0,68.04558438095238
490,700,13023,2,1,68.4716681904762
466,706,11573,2,1,68.06822008333334
467,707,6214,1,1,68.01229658333334
468,708,2840,2,1,68.02161716666667
462,702,7733,2,0,68.002976
465,705,17054,1,1,66.11089758333334
493,703,5978,2,1,67.92841133333334
465,705,18945,2,0,66.16682108333333
467,707,15268,0,1,66.772659
468,708,4559,0,0,67.79792316666668
468,708,6265,2,1,67.45306158333334
432,702,768,0,1,65.89031044444445
465,705,2664,0,1,66.94975008333334
465,705,20843,2,0,66.0456535
467,707,6226,1,0,69.50358991666667
466,706,22752,2,0,67.667435
498,708,19100,2,1,67.64080476190476
491,701,22475,0,0,68.32253885714286
461,701,11254,2,1,66.95907066666668
463,703,20730,1,1,66.62352966666667
464,704,18893,0,1,67.57422916666667
464,704,20808,1,1,66.59556791666667
492,702,18744,2,0,68.18406161904763
468,708,19082,1,1,67.59287033333334
492,702,13176,1,0,68.81253523809525
469,709,17314,0,1,65.8219595
461,701,2407,1,1,68.66473741666667
463,703,20763,1,0,67.8352055
464,704,11453,1,0,68.08686125
494,704,18860,0,1,69.40905257142857
537,747,6807,0,0,64.25343847619048
508,718,19766,1,0,69.05753342857143
469,709,19159,2,0,69.93233675
470,710,19227,2,0,68.49696691666666
440,710,21173,2,1,66.04772474074075
472,712,11933,0,0,66.74469725
472,712,11942,2,0,67.7233585
447,717,21562,1,1,63.777644888888894
479,719,3469,0,0,67.23868816666668
471,711,23130,0,0,66.07361525
472,712,3053,2,0,68.76726383333335
476,716,21510,2,0,67.43442041666667
479,719,12398,0,1,66.53032383333334
470,710,21175,1,0,67.41577925
475,715,12126,0,1,67.8352055
476,716,5022,2,0,67.35985575000001
476,716,21558,1,0,67.95637308333333
477,717,8617,1,0,67.95637308333333
480,720,3510,1,0,69.75524566666667
480,720,12409,0,0,68.37579933333333
471,711,2972,1,1,68.02161716666667
471,711,15515,2,1,68.57153158333334
476,716,3271,0,1,68.3944405
499,709,19185,1,0,68.52492866666667
471,711,3019,0,0,67.48102333333334
476,716,15852,2,0,67.63015266666667
480,720,8763,0,0,68.47832575000001
472,712,19354,1,0,68.02161716666667
474,714,12070,1,0,68.90707258333335
478,718,16005,2,1,69.0655225
480,720,12427,1,1,66.86586483333333
475,715,12145,1,0,66.93110891666667
475,715,12150,1,1,67.06159708333334
471,711,4706,1,1,66.80062075000001
501,711,6455,2,1,67.1401562857143
473,713,15637,2,0,67.46238216666667
476,716,23429,1,0,68.04957891666668
481,721,21843,0,0,67.04295591666667
481,721,19969,2,1,67.46238216666667
515,725,20222,0,1,67.44906704761905
488,728,538,1,0,68.674058
488,728,22314,1,1,65.71943308333334
490,730,7582,1,0,67.7233585
482,722,16262,2,1,68.83250791666667
483,723,16280,0,1,66.06429466666667
484,724,16335,2,0,67.59287033333334
485,725,354,1,0,68.42240225
482,722,16247,0,0,66.85654425
483,723,12606,1,0,68.83250791666667
485,725,18290,1,1,67.41577925
489,729,5769,1,0,68.88843141666668
490,730,646,0,1,66.52100325
451,721,18081,0,1,66.10571948148149
485,725,9095,2,1,68.2825935
489,729,12937,1,0,67.96569366666667
481,721,89,1,1,67.02431475
481,721,21817,2,0,67.62083208333334
483,723,16299,2,1,67.82588491666667
486,726,24060,0,1,67.40645866666667
487,727,5632,0,1,67.62083208333334
487,727,16567,0,1,67.0522765
489,729,20479,0,1,66.96839125000001
511,721,7025,2,0,67.22537304761906
486,726,12803,0,1,69.46630758333333
487,727,16586,1,1,66.92178833333334
489,729,5759,0,0,66.96839125000001
490,730,7623,0,1,69.63407808333334
487,727,16555,2,1,68.30123466666667
481,721,21851,1,1,66.1575005
482,722,133,1,1,66.82858250000001
515,725,2056,0,1,69.06818552380953
485,725,2073,2,0,67.60219091666667
485,725,9072,2,0,68.34783758333334
511,721,10646,0,0,68.59949333333334
482,722,18149,1,1,66.69809433333334
485,725,16438,2,0,67.53694683333333
486,726,12777,1,1,66.25070633333334
490,730,22414,1,0,68.51560808333333
491,731,24364,0,1,68.06822008333334
554,764,844,1,0,61.33476438095238
496,736,18974,1,1,65.77535658333333
497,737,13466,1,1,66.12953875000001
491,731,9397,1,0,68.53424925
490,730,13008,2,0,67.35053516666667
493,733,799,0,0,66.53032383333334
495,735,9641,2,0,66.84722366666666
495,735,13349,0,0,68.2825935
496,736,7976,2,0,66.19478283333333
496,736,20927,1,0,67.92841133333334
466,736,22800,0,0,66.41226311111112
491,731,688,0,1,68.10550241666667
494,734,16972,1,0,68.34783758333334
496,736,998,1,1,66.92178833333334
526,736,4456,2,1,67.05493952380952
497,737,22835,0,1,66.01769175
461,731,18693,1,1,65.37664274074075
461,731,22444,1,1,65.15294874074074
494,734,16963,2,0,66.4930415
495,735,18917,1,0,67.65811441666668
497,737,13428,2,1,67.46238216666667
493,733,794,1,1,65.58894491666668
495,735,17052,2,0,65.63554783333333
495,735,7881,1,0,68.36647875
523,733,20758,0,1,67.90710714285714
497,737,19041,1,1,66.70741491666666
504,744,8396,2,1,67.50898508333334
498,738,17240,0,0,67.40645866666667
503,743,1417,0,0,67.25732933333333
504,744,21385,1,0,68.20802883333334
505,745,13945,1,0,68.46900516666668
509,749,10556,2,0,68.05889950000001
501,741,10046,0,1,67.46238216666667
503,743,23206,1,1,66.660812
505,745,17660,0,0,66.07361525
507,747,17783,0,1,68.59017275000001
508,748,10482,1,1,65.11359516666667
509,749,10499,0,0,67.11752058333333
498,738,6288,0,0,66.97771183333333
500,740,21143,2,1,67.14548233333333
503,743,25182,1,0,67.79792316666668
508,748,10450,0,1,66.3811945
498,738,4536,1,0,68.54356983333334
501,741,13689,1,0,69.05620191666667
504,744,13889,1,0,68.12414358333334
510,750,1769,0,0,65.73807425
498,738,1097,0,0,65.58894491666668
498,738,4534,1,1,66.35323275
500,740,4646,2,0,66.87518541666667
502,742,23141,0,0,65.318648
505,745,10262,0,0,66.16682108333333
505,745,15765,2,1,66.86586483333333
509,749,23585,2,1,67.87248783333334
503,743,23234,0,1,66.80994133333334
509,749,23581,2,1,67.90977016666668
510,750,5218,1,0,67.443741
502,742,1314,2,1,67.53694683333333
502,742,4756,1,1,65.84992125000001
506,746,10342,2,0,66.26002691666667
506,746,10369,2,1,68.96299608333334
507,747,1585,1,1,66.67945316666668
508,748,10485,0,0,66.55828558333334
510,750,10582,2,0,66.34391216666667
498,738,21053,1,0,67.99365541666667
499,739,22946,0,0,67.93773191666668
500,740,4654,2,0,65.92448591666667
502,742,23197,1,1,65.56098316666667
535,775,23345,0,0,60.061839000000006
509,749,21733,1,1,65.88720358333333
499,739,13613,0,1,68.31055525000001
500,740,9956,0,0,67.10820000000001
505,745,13959,2,0,65.57030375000001
512,752,21907,0,1,67.73267908333334
512,752,18094,1,0,69.11212541666667
512,752,1888,1,1,65.47709791666666
512,752,10714,1,0,67.49966450000001
511,751,10637,2,1,67.46238216666667
512,752,10692,0,1,66.79130016666667
516,756,10960,2,0,63.53841658333334
518,758,20382,1,1,66.0456535
514,754,18230,1,0,68.22667
513,753,14394,1,1,64.87126
514,754,5485,0,1,66.27866808333334
516,756,2132,0,0,64.37726908333333
517,757,24128,1,1,67.25732933333333
518,758,14759,1,1,65.64486841666667
518,758,18516,1,1,66.84722366666666
513,753,14417,0,1,66.45575916666667
518,758,5663,1,0,69.27057533333334
518,758,11095,1,0,68.25463175
519,759,11137,1,0,66.87518541666667
521,761,5833,0,1,67.14548233333333
513,753,23872,1,0,67.64879383333334
516,756,24047,0,1,67.28529108333333
517,757,11011,2,0,65.44913616666668
518,758,11098,0,0,63.333363750000004
516,756,14617,1,1,66.56760616666666
487,757,7399,2,0,64.52329155555556
518,758,22309,1,1,67.15480291666667
519,759,2277,2,1,67.28529108333333
519,759,24277,2,0,63.28676083333334
514,754,7210,2,0,65.79399775
574,784,2016,2,1,63.01779542857143
518,758,11087,1,1,66.4930415
543,783,27687,2,1,60.68631808333334
524,764,15099,2,0,62.78344933333334
525,765,7909,2,1,65.62622725
525,765,22700,1,1,66.06429466666667
527,767,6195,2,1,65.9338065
527,767,15284,2,1,65.36525091666668
498,768,4578,0,1,65.49263222222223
528,768,19103,0,0,65.19748041666666
529,769,19209,1,0,67.45306158333334
530,770,9987,1,0,69.233293
531,771,21214,1,0,66.89382658333334
522,762,24433,0,1,67.42509983333333
524,764,7819,1,1,65.79399775
529,769,19150,1,0,68.29191408333334
531,771,11871,2,0,62.364023083333336
523,763,2518,0,1,65.51438025
522,762,2463,1,0,66.6048885
493,763,20756,1,1,65.37664274074075
523,763,11398,2,1,66.57692675
526,766,2722,2,0,63.37996666666667
530,770,2948,2,1,65.47709791666666
530,770,6385,1,1,65.66350958333334
530,770,15472,1,0,67.69539675
527,767,6212,2,1,66.31595041666667
498,768,4550,0,0,65.00381940740742
528,768,19080,2,1,65.78467716666667
526,766,20922,0,1,65.654189
529,769,2882,0,1,67.57422916666667
532,772,11951,0,1,65.47709791666666
533,773,3077,2,0,62.941899250000006
536,776,3268,2,1,64.02308691666667
539,779,25506,2,1,66.48372091666667
540,780,19894,0,1,66.81926191666668
533,773,11965,2,1,67.04295591666667
536,776,3288,2,1,67.01499416666667
507,777,14041,2,0,61.53241992592593
532,772,3027,2,1,64.77805416666666
533,773,3104,0,1,66.44643858333333
533,773,19421,2,1,66.12953875000001
534,774,8445,1,1,65.49573908333333
535,775,6690,1,0,66.36255333333334
536,776,21551,0,0,64.33998675000001
538,778,21685,0,1,66.13885933333334
541,781,5287,0,0,63.277440250000005
504,774,25200,1,1,64.76355548148149
536,776,12202,0,1,66.58624733333333
537,777,23486,0,1,66.02701233333333
533,773,25184,0,0,63.98580458333334
534,774,3189,0,0,63.90191933333334
537,777,12230,0,0,62.68092291666667
538,778,8641,2,1,66.36255333333334
509,779,1735,0,1,62.78344933333334
540,780,20,0,0,62.72752583333334
510,780,5246,0,0,63.25569222222223
540,780,5203,2,1,65.77535658333333
532,772,11932,0,0,63.39860783333334
533,773,25155,2,1,64.71281008333334
504,774,17598,0,0,63.355111777777786
540,780,39,0,1,65.8219595
535,775,15775,0,1,66.12953875000001
538,778,15956,1,1,67.60219091666667
540,780,12450,0,1,66.19478283333333
536,776,15822,1,1,66.68877375000001
537,777,12226,0,0,62.96054041666667
540,780,12437,1,1,66.12021816666667
503,773,21342,0,0,64.54814644444444
503,773,25132,2,0,62.05437259259259
534,774,23304,0,1,65.71943308333334
535,775,15786,1,1,66.16682108333333
506,776,8551,2,0,64.83812014814815
538,778,17890,2,1,66.52100325
533,773,15631,2,1,65.14155691666667
535,775,12088,2,0,62.88597575000001
513,783,21993,0,0,63.752790000000005
547,787,20308,1,0,68.04025833333334
582,792,24450,0,1,67.54493590476191
554,794,13247,2,1,63.04442566666667
555,795,7898,0,1,66.19478283333333
526,796,2723,0,1,65.17780362962964
542,782,23816,1,1,66.80062075000001
544,784,12682,0,1,66.37187391666667
544,784,25869,0,1,66.09225641666667
546,786,9124,0,1,66.42779741666666
521,791,26300,0,0,62.816589185185194
554,794,26500,2,1,64.82465708333334
557,797,20988,1,0,67.30393225
528,798,6303,1,1,64.97896451851852
513,783,18160,2,0,61.34186577777778
544,784,7245,1,1,65.92448591666667
515,785,5526,0,0,62.80830422222223
548,788,542,2,1,64.69416891666667
520,790,26254,2,0,60.728778518518524
551,791,26289,0,1,66.19478283333333
558,798,22937,0,0,62.43858775000001
542,782,12547,2,1,64.55436016666667
547,787,12849,1,0,67.67675558333333
549,789,16709,1,1,65.35593033333333
522,792,18748,1,1,65.42635251851851
556,796,24722,0,1,66.47440033333334
542,782,12542,1,1,66.98703241666666
543,783,7183,0,1,67.14548233333333
516,786,18377,2,1,64.68899081481482
549,789,4040,1,0,66.4930415
549,789,20445,1,0,65.81263891666667
523,793,18833,2,1,64.24988777777779
557,797,13425,0,0,63.510454833333334
543,783,12633,1,0,68.54356983333334
550,790,22411,1,0,67.32257341666667
526,796,2685,2,0,61.35843570370371
526,796,2701,2,1,64.3575922962963
557,797,26682,1,1,64.87126
520,790,26210,2,1,64.47358177777778
552,792,4175,1,0,67.65811441666668
553,793,16919,1,0,67.17344408333334
554,794,4292,1,0,66.27866808333334
556,796,26576,0,1,65.86856241666668
528,798,2815,0,0,63.13141777777778
546,786,24056,1,0,66.41847683333334
518,788,18525,2,0,61.77268385185185
519,789,5757,1,1,66.11400444444445
550,790,26206,0,1,65.74739483333333
553,793,16939,1,0,66.08293583333334
554,794,871,0,1,66.73537666666667
554,794,7804,1,0,67.1641235
526,796,26604,2,1,62.891153851851854
558,798,9884,0,1,66.47440033333334
513,783,5433,2,0,61.648409407407414
544,784,12702,1,0,67.07091766666667
515,785,2094,2,0,61.1347417037037
545,785,9077,2,0,60.79816508333334
521,791,26313,0,0,61.50756503703704
552,792,7744,2,1,65.08563341666668
557,797,26679,2,1,64.07901041666666
558,798,1119,1,0,66.47440033333334
546,786,10995,0,1,66.72605608333333
521,791,18678,0,0,62.10408237037037
529,799,19161,1,1,64.34930733333333
561,801,25033,1,0,67.01499416666667
565,805,27159,1,1,64.49843666666666
536,806,27236,0,0,62.09579740740741
567,807,25433,0,1,67.23868816666668
537,807,19719,2,1,63.703080222222226
558,798,17215,1,1,64.5916425
559,799,21091,1,0,65.17883925
537,807,19715,1,0,63.744505037037044
560,800,4663,1,1,65.80331833333334
561,801,17401,1,1,65.094954
561,801,8247,2,1,66.45575916666667
564,804,23287,0,1,66.01769175
565,805,25274,0,1,67.90977016666668
562,802,10099,1,1,66.45575916666667
562,802,26971,0,1,64.86193941666667
565,805,17687,0,1,66.73537666666667
566,806,17710,0,1,65.00174816666667
559,799,4592,2,1,64.13493391666667
532,802,15575,2,1,63.777644888888894
566,806,17718,1,0,66.57692675
533,803,23199,2,0,60.20682585185185
565,805,1480,1,0,64.44251316666667
559,799,13600,1,1,65.12291575
562,802,8312,0,1,66.85654425
561,801,10024,2,1,64.17221625
532,802,10097,0,0,63.63680051851853
566,806,27249,1,1,64.96446583333334
535,805,6685,2,0,61.26730111111112
559,799,4629,1,0,65.53302141666667
563,803,10126,2,1,63.28676083333334
571,811,5308,1,1,64.87126
543,813,20078,0,0,61.631839481481485
575,815,2083,0,1,67.48102333333334
577,817,11046,1,1,63.62230183333334
541,811,10680,1,1,64.18360807407407
548,818,16633,0,0,62.02123274074074
540,810,10608,2,1,64.30788251851853
575,815,14542,1,1,63.65958416666667
568,808,1652,0,1,66.68877375000001
569,809,17952,2,1,64.21881916666666
544,814,16371,0,1,66.16371422222223
544,814,8988,2,0,60.057696518518526
600,810,56,0,1,68.02428019047619
542,812,3624,2,1,63.37996666666667
569,809,27430,2,1,62.95121983333333
572,812,27608,1,1,64.02308691666667
545,815,7309,2,1,62.70888466666668
538,808,10452,2,0,60.03284162962964
543,813,20057,1,0,64.68070585185185
575,815,2095,1,0,63.9205605
539,809,16036,0,0,61.12645674074074
544,814,302,0,0,61.308725925925934
547,817,24086,1,1,64.27474266666667
570,810,27521,1,1,65.46777733333333
542,812,7076,1,0,65.56719688888889
574,814,23939,1,1,63.68754591666667
583,823,24551,2,1,62.56907591666668
561,831,15561,1,1,63.03199822222223
566,836,27252,0,0,61.035322148148154
551,821,16810,0,1,65.06181414814816
554,824,28402,1,1,64.61442614814815
560,830,24972,0,0,61.69811918518519
595,835,25256,1,1,62.205573166666674
596,836,25326,1,1,62.382664250000005
553,823,20721,1,1,64.52329155555556
583,823,22623,1,0,65.55166258333334
584,824,2617,0,1,66.59556791666667
591,831,15543,1,0,62.997822750000005
593,833,19408,0,1,66.22274458333334
580,820,28160,1,0,65.56098316666667
588,828,15361,2,1,63.01646391666667
593,833,19447,2,1,62.95121983333333
558,828,4541,0,0,60.728778518518524
558,828,17234,2,1,63.413106518518525
562,832,21309,0,0,61.54898985185186
565,835,21482,1,1,63.79421481481482
582,822,2459,2,1,61.91663508333334
586,826,2691,0,1,66.213424
586,826,19014,0,1,68.002976
588,828,15351,1,0,64.80601591666668
589,829,24917,1,1,61.75818516666667
559,829,4597,2,1,62.74202451851852
591,831,11859,2,1,62.01916150000001
591,831,28878,2,1,62.6902435
564,834,12040,2,1,64.21674792592593
639,849,32062,0,0,62.93257866666667
580,820,22415,0,1,67.51830566666668
553,823,20762,2,1,63.64508548148149
587,827,19060,1,0,63.929881083333335
549,819,7550,1,0,64.13389829629631
553,823,4276,0,0,61.391575555555555
587,827,28610,2,1,63.39860783333334
558,828,8098,1,0,65.56719688888889
592,832,28947,1,1,62.364023083333336
563,833,27047,0,0,60.57964918518519
593,833,12008,2,1,63.03510508333334
595,835,10289,0,1,67.46238216666667
556,826,7973,1,1,64.26645770370371
587,827,21001,1,1,63.529096
594,834,12069,0,1,66.61420908333334
550,820,4073,2,1,62.31949140740741
551,821,20573,0,0,62.311206444444444
561,831,4721,0,0,60.25653562962963
561,831,13694,0,0,61.24244622222222
591,831,28866,0,1,67.08955883333334
570,840,5230,0,0,61.48271014814815
598,838,19775,1,0,62.51315241666667
600,840,41,0,1,66.42779741666666
570,840,8790,1,1,62.551470370370374
567,837,29234,0,1,65.45120740740741
570,840,29450,1,0,65.48434725925927
568,838,8696,2,1,63.13141777777778
569,839,21747,1,1,63.36339674074075
570,840,21801,2,1,61.722974074074074
597,837,8577,1,1,61.730223416666675
568,838,8661,1,0,64.18360807407407
598,838,25501,2,1,63.417249000000005
567,837,21570,1,0,62.891153851851854
569,839,5147,0,0,61.40814548148149
599,839,12364,1,0,64.38658966666668
569,839,5175,2,1,62.94086362962963
599,839,29408,0,1,66.63285025
606,846,3822,0,1,65.03903050000001
579,849,5764,2,1,62.534900444444446
580,850,5777,2,1,62.534900444444446
618,858,17207,0,0,61.25487366666667
572,842,5333,0,0,60.94418755555556
573,843,8951,0,0,61.325295851851855
581,851,22465,2,1,61.308725925925934
587,857,17159,0,1,66.09743451851853
587,857,13453,2,1,61.905243259259265
603,843,29695,1,1,63.8087135
579,849,22340,1,1,61.53241992592593
579,849,30048,1,0,61.73954400000001
586,856,28566,1,1,60.27310555555555
607,847,16582,0,1,64.67552775
579,849,14774,0,0,60.36424014814815
644,884,4322,0,0,60.257571250000005
618,858,9865,1,0,60.061839000000006
588,858,19123,0,0,61.19273644444445
588,858,26728,0,0,62.62603503703704
608,848,3937,1,1,63.95784283333333
579,849,5717,0,0,61.49928007407408
581,851,30191,0,1,65.50091718518519
586,856,30519,0,1,64.8049802962963
589,859,2895,1,1,60.52165444444445
619,859,17281,0,0,63.32404316666667
610,850,16731,0,1,64.51707783333333
617,857,1038,0,1,64.91786291666666
619,859,17329,0,1,64.54503958333333
604,844,12697,0,1,65.92448591666667
575,845,5533,0,0,61.19273644444445
577,847,26022,1,1,63.239122296296294
581,851,26263,0,0,62.75030948148148
616,856,13370,0,1,65.5982655
588,858,22909,0,0,61.17616651851852
604,844,285,0,1,66.72605608333333
604,844,25833,2,1,62.410626
605,845,20220,2,1,62.02848208333334
610,850,4071,1,0,60.89137091666667
611,851,4111,1,0,61.83274983333334
584,854,22658,2,1,62.2780665925926
589,859,19182,1,0,61.913528222222226
577,847,22212,0,0,62.92429370370371
578,848,22262,1,1,61.70640414814815
581,851,22501,0,0,60.52165444444445
585,855,22735,2,1,62.824874148148155
616,856,30540,0,1,65.75671541666667
619,859,26821,0,1,65.64486841666667
572,842,18150,1,1,64.20017800000001
575,845,29829,1,1,61.913528222222226
606,846,3854,1,0,63.3613255
607,847,7401,0,1,65.91516533333333
578,848,5692,1,1,62.05437259259259
585,855,22748,1,0,62.543185407407414
617,857,1033,1,1,62.084405583333336
589,859,30747,1,1,63.404821555555564
624,864,17637,0,1,63.67822533333334
601,871,19971,0,1,63.769359925925926
602,872,7080,0,0,60.977327407407415
636,876,27915,0,1,63.17491383333334
607,877,3910,2,1,60.41394992592593
591,861,10061,1,1,60.389095037037045
625,865,13916,0,1,63.84599583333334
596,866,1567,0,1,65.37664274074075
600,870,7013,2,1,60.27310555555555
606,876,14614,0,0,62.833159111111115
590,860,19220,2,1,61.52413496296297
593,863,15682,0,0,60.62935896296297
624,864,4881,0,0,63.65958416666667
599,869,14170,0,0,63.21426740740741
603,873,10772,1,0,60.919332666666676
606,876,7381,2,0,60.26482059259259
594,864,19508,1,1,61.930098148148154
601,871,16183,2,1,60.720493555555564
596,866,27217,1,0,62.775164370370376
597,867,14078,0,0,62.66745985185186
597,867,19677,0,0,60.670783777777785
603,873,7193,0,1,63.24740725925927
590,860,19259,1,1,62.04608762962963
593,863,6569,0,0,62.518330518518525
598,868,27351,0,1,64.8049802962963
600,870,7014,0,0,61.838963555555566
607,877,29913,2,1,60.4885145925926
608,878,24176,1,1,60.81162814814816
608,878,28002,2,0,60.090836370370376
590,860,19217,1,1,61.52413496296297
591,861,6486,1,1,61.08503192592593
596,866,10351,2,0,60.099121333333336
598,868,6896,0,1,64.92925474074075
598,868,6899,0,0,62.03780266666667
598,868,23562,0,1,64.27474266666667
630,870,5220,0,1,62.364023083333336
601,871,16140,1,0,60.5547942962963
602,872,16242,2,1,61.043607111111115
596,866,27228,1,0,61.83067859259259
601,871,27533,0,1,64.92925474074075
605,875,29800,2,1,60.81991311111112
621,861,30824,0,0,63.22151675
598,868,15951,0,0,61.06017703703704
598,868,23566,0,0,61.80582370370371
602,872,20029,1,1,61.17616651851852
637,877,27934,0,0,62.05644383333334
589,859,26783,1,0,61.606984592592596
624,864,17586,0,1,63.32404316666667
599,869,10500,1,0,60.057696518518526
599,869,23603,2,1,61.87210340740741
630,870,14231,0,0,62.979181583333336
605,875,31765,1,1,61.56555977777778
611,881,16771,1,1,60.670783777777785
612,882,24420,0,0,61.74782896296297
614,884,7852,1,1,61.18445148148148
615,885,4350,1,1,61.051892074074075
615,885,7865,0,1,60.54650933333334
615,885,20827,2,1,60.33938525925927
615,885,24617,0,1,61.80582370370371
614,884,11426,0,1,62.41891096296297
611,881,24366,0,0,62.61775007407408
613,883,28343,0,1,62.7254545925926
614,884,889,0,0,60.140546148148154
651,891,25004,0,1,60.58379166666667
624,894,17583,0,0,60.090836370370376
627,897,1591,1,1,60.26482059259259
625,895,1474,0,1,62.00466281481482
616,886,7926,0,1,62.39405607407408
618,888,4548,1,1,61.49928007407408
626,896,3256,0,0,61.58212970370371
627,897,8632,1,1,60.18197096296297
622,892,11939,2,1,60.47194466666667
626,896,5008,0,1,61.44128533333333
616,886,7950,1,1,60.83648303703704
620,890,13665,1,1,60.28139051851853
621,891,8265,0,0,60.63764392592593
622,892,11921,1,1,60.670783777777785
624,894,25190,0,0,62.12893725925927
620,890,15458,0,1,60.753633407407406
628,898,25469,0,1,60.331100296296306
620,890,21135,0,1,62.12893725925927
621,891,3010,1,1,61.631839481481485
624,894,25250,0,0,61.88038837037037
624,894,15715,0,0,61.656694370370374
631,901,5299,0,1,60.92761762962964
631,901,31486,1,1,60.173686000000004
631,901,18019,1,1,60.18197096296297
631,901,31492,0,0,60.18197096296297
633,903,21959,0,0,60.81991311111112
634,904,16372,0,0,60.83648303703704
635,905,27825,0,1,61.17616651851852
639,909,12977,0,0,60.844768
634,904,27736,0,1,61.20930637037038
636,906,5571,0,0,60.54650933333334
633,903,8943,0,0,62.543185407407414
636,906,405,0,0,61.54898985185186
636,906,18363,0,0,60.844768
643,913,9497,0,0,60.215110814814814
640,910,5789,0,1,60.33938525925927
644,914,2589,0,1,61.24244622222222
645,915,2639,0,1,60.52993940740741
645,915,9685,0,0,60.52993940740741
647,917,26678,0,1,60.59621911111111
649,919,15378,0,1,60.23996570370371
647,917,1065,0,0,60.69563866666667
653,923,32919,0,1,60.32281533333333
657,927,25401,0,1,60.215110814814814
